Reporting period	Period of coverage	Breakdown	ONS code	Level	Level description	Gender	Indicator value	CI lower	CI upper	Denominator	Numerator
2019	01/01/2019 to 31/12/2019	National	E92000001	National	All registered patients in England	Person	66.4	65.7	67.1	55,001,868	33,457
2019	01/01/2019 to 31/12/2019	National	E92000001	National	All registered patients in England	Female	41.5	40.8	42.3	27,200,365	10,626
2019	01/01/2019 to 31/12/2019	National	E92000001	National	All registered patients in England	Male	91.3	90.1	92.5	27,801,503	22,831
2019	01/01/2019 to 31/12/2019	CCG	E38000004	07L	NHS Barking and Dagenham CCG	Person	68.6	53.7	86.2	219,504	80
2019	01/01/2019 to 31/12/2019	CCG	E38000006	02P	NHS Barnsley CCG	Person	87.0	75.6	99.7	240,912	208
2019	01/01/2019 to 31/12/2019	CCG	E38000007	99E	NHS Basildon and Brentwood CCG	Person	60.8	51.2	71.6	258,395	144
2019	01/01/2019 to 31/12/2019	CCG	E38000008	02Q	NHS Bassetlaw CCG	Person	74.3	59.5	91.6	107,201	88
2019	01/01/2019 to 31/12/2019	CCG	E38000231	92G	NHS Bath and North East Somerset, Swindon and Wiltshire CCG	Person	55.2	50.4	60.4	862,277	480
2019	01/01/2019 to 31/12/2019	CCG	E38000010	06F	NHS Bedfordshire CCG	Person	60.5	53.3	68.5	449,110	253
2019	01/01/2019 to 31/12/2019	CCG	E38000221	15A	NHS Berkshire West CCG	Person	46.9	40.6	53.8	512,680	201
2019	01/01/2019 to 31/12/2019	CCG	E38000220	15E	NHS Birmingham and Solihull CCG	Person	69.0	63.8	74.6	1,231,452	655
2019	01/01/2019 to 31/12/2019	CCG	E38000014	00Q	NHS Blackburn with Darwen CCG	Person	92.1	76.6	109.8	165,843	125
2019	01/01/2019 to 31/12/2019	CCG	E38000015	00R	NHS Blackpool CCG	Person	91.2	77.3	106.9	158,000	153
2019	01/01/2019 to 31/12/2019	CCG	E38000016	00T	NHS Bolton CCG	Person	101.5	89.5	114.6	290,748	261
2019	01/01/2019 to 31/12/2019	CCG	E38000232	36J	NHS Bradford District and Craven CCG	Person	88.9	80.7	97.7	595,317	435
2019	01/01/2019 to 31/12/2019	CCG	E38000020	07P	NHS Brent CCG	Person	63.8	53.7	75.3	373,409	151
2019	01/01/2019 to 31/12/2019	CCG	E38000021	09D	NHS Brighton and Hove CCG	Person	62.2	52.1	73.7	302,811	137
2019	01/01/2019 to 31/12/2019	CCG	E38000222	15C	NHS Bristol, North Somerset and South Gloucestershire CCG	Person	57.7	52.6	63.3	945,754	460
2019	01/01/2019 to 31/12/2019	CCG	E38000223	14Y	NHS Buckinghamshire CCG	Person	46.5	40.6	53.0	516,504	227
2019	01/01/2019 to 31/12/2019	CCG	E38000024	00V	NHS Bury CCG	Person	68.4	56.9	81.6	189,873	124
2019	01/01/2019 to 31/12/2019	CCG	E38000025	02T	NHS Calderdale CCG	Person	70.2	59.0	82.9	204,797	140
2019	01/01/2019 to 31/12/2019	CCG	E38000026	06H	NHS Cambridgeshire and Peterborough CCG	Person	57.8	52.6	63.4	911,365	454
2019	01/01/2019 to 31/12/2019	CCG	E38000028	04Y	NHS Cannock Chase CCG	Person	59.8	47.2	74.8	121,955	77
2019	01/01/2019 to 31/12/2019	CCG	E38000030	99F	NHS Castle Point and Rochford CCG	Person	68.3	56.8	81.3	165,352	127
2019	01/01/2019 to 31/12/2019	CCG	E38000031	09A	NHS Central London (Westminster) CCG	Person	47.0	36.0	60.2	228,214	67
2019	01/01/2019 to 31/12/2019	CCG	E38000233	27D	NHS Cheshire CCG	Person	61.9	56.4	67.8	698,787	463
2019	01/01/2019 to 31/12/2019	CCG	E38000034	00X	NHS Chorley and South Ribble CCG	Person	69.8	58.0	83.2	169,135	125
2019	01/01/2019 to 31/12/2019	CCG	E38000035	07T	NHS City and Hackney CCG	Person	77.2	63.1	93.3	314,019	120
2019	01/01/2019 to 31/12/2019	CCG	E38000234	84H	NHS County Durham CCG	Person	81.2	73.7	89.2	506,241	432
2019	01/01/2019 to 31/12/2019	CCG	E38000038	05A	NHS Coventry and Rugby CCG	Person	72.0	63.6	81.3	488,570	264
2019	01/01/2019 to 31/12/2019	CCG	E38000229	15M	NHS Derby and Derbyshire CCG	Person	71.6	66.4	77.0	961,836	718
2019	01/01/2019 to 31/12/2019	CCG	E38000230	15N	NHS Devon CCG	Person	63.0	58.6	67.5	1,102,469	794
2019	01/01/2019 to 31/12/2019	CCG	E38000044	02X	NHS Doncaster CCG	Person	76.6	66.9	87.4	295,935	223
2019	01/01/2019 to 31/12/2019	CCG	E38000045	11J	NHS Dorset CCG	Person	52.0	47.1	57.2	710,764	426
2019	01/01/2019 to 31/12/2019	CCG	E38000046	05C	NHS Dudley CCG	Person	70.3	61.2	80.5	293,990	211
2019	01/01/2019 to 31/12/2019	CCG	E38000048	07W	NHS Ealing CCG	Person	74.0	63.8	85.3	423,229	202
2019	01/01/2019 to 31/12/2019	CCG	E38000049	06K	NHS East and North Hertfordshire CCG	Person	60.7	54.0	68.1	554,328	298
2019	01/01/2019 to 31/12/2019	CCG	E38000224	15D	NHS East Berkshire CCG	Person	58.1	50.1	67.0	437,111	194
2019	01/01/2019 to 31/12/2019	CCG	E38000050	01A	NHS East Lancashire CCG	Person	99.3	89.0	110.3	355,040	344
2019	01/01/2019 to 31/12/2019	CCG	E38000051	03W	NHS East Leicestershire and Rutland CCG	Person	52.0	44.5	60.4	298,874	173
2019	01/01/2019 to 31/12/2019	CCG	E38000052	02Y	NHS East Riding of Yorkshire CCG	Person	60.4	52.4	69.3	270,809	209
2019	01/01/2019 to 31/12/2019	CCG	E38000053	05D	NHS East Staffordshire CCG	Person	66.7	53.4	82.4	131,258	87
2019	01/01/2019 to 31/12/2019	CCG	E38000235	97R	NHS East Sussex CCG	Person	61.9	55.7	68.7	492,525	365
2019	01/01/2019 to 31/12/2019	CCG	E38000059	10K	NHS Fareham and Gosport CCG	Person	55.8	46.0	67.1	183,385	114
2019	01/01/2019 to 31/12/2019	CCG	E38000226	02M	NHS Fylde and Wyre CCG	Person	81.0	68.8	94.6	155,204	162
2019	01/01/2019 to 31/12/2019	CCG	E38000062	11M	NHS Gloucestershire CCG	Person	59.7	53.8	66.1	590,508	375
2019	01/01/2019 to 31/12/2019	CCG	E38000064	03A	NHS Greater Huddersfield CCG	Person	64.8	54.5	76.5	230,975	140
2019	01/01/2019 to 31/12/2019	CCG	E38000227	01E	NHS Greater Preston CCG	Person	82.7	69.5	97.6	195,432	140
2019	01/01/2019 to 31/12/2019	CCG	E38000068	01F	NHS Halton CCG	Person	76.1	61.3	93.5	123,312	91
2019	01/01/2019 to 31/12/2019	CCG	E38000070	08C	NHS Hammersmith and Fulham CCG	Person	71.7	57.5	88.3	260,653	97
2019	01/01/2019 to 31/12/2019	CCG	E38000074	08E	NHS Harrow CCG	Person	55.4	45.4	67.1	253,306	109
2019	01/01/2019 to 31/12/2019	CCG	E38000077	08F	NHS Havering CCG	Person	70.6	60.1	82.3	256,729	163
2019	01/01/2019 to 31/12/2019	CCG	E38000236	18C	NHS Herefordshire and Worcestershire CCG	Person	61.5	56.2	67.2	715,921	495
2019	01/01/2019 to 31/12/2019	CCG	E38000079	06N	NHS Herts Valley CCG	Person	52.6	46.5	59.3	603,006	271
2019	01/01/2019 to 31/12/2019	CCG	E38000080	01D	NHS Heywood, Middleton and Rochdale CCG	Person	90.2	77.3	104.6	220,295	175
2019	01/01/2019 to 31/12/2019	CCG	E38000082	08G	NHS Hillingdon CCG	Person	61.5	51.3	73.2	298,991	131
2019	01/01/2019 to 31/12/2019	CCG	E38000084	07Y	NHS Hounslow CCG	Person	78.0	66.1	91.5	308,891	159
2019	01/01/2019 to 31/12/2019	CCG	E38000085	03F	NHS Hull CCG	Person	100.6	88.4	114.1	281,130	245
2019	01/01/2019 to 31/12/2019	CCG	E38000086	06L	NHS Ipswich and East Suffolk CCG	Person	56.4	49.3	64.2	369,453	228
2019	01/01/2019 to 31/12/2019	CCG	E38000087	10L	NHS Isle of Wight CCG	Person	78.9	65.6	94.1	126,452	130
2019	01/01/2019 to 31/12/2019	CCG	E38000237	91Q	NHS Kent and Medway CCG	Person	61.1	57.5	65.0	1,741,664	1,047
2019	01/01/2019 to 31/12/2019	CCG	E38000089	11N	NHS Kernow CCG	Person	69.1	62.7	76.1	517,835	429
2019	01/01/2019 to 31/12/2019	CCG	E38000091	01J	NHS Knowsley CCG	Person	93.3	77.6	111.2	154,623	127
2019	01/01/2019 to 31/12/2019	CCG	E38000225	15F	NHS Leeds CCG	Person	68.6	62.4	75.3	829,865	450
2019	01/01/2019 to 31/12/2019	CCG	E38000097	04C	NHS Leicester City CCG	Person	87.6	76.2	100.2	395,974	222
2019	01/01/2019 to 31/12/2019	CCG	E38000238	71E	NHS Lincolnshire CCG	Person	71.5	65.7	77.5	710,610	585
2019	01/01/2019 to 31/12/2019	CCG	E38000101	99A	NHS Liverpool CCG	Person	85.1	76.4	94.6	507,552	348
2019	01/01/2019 to 31/12/2019	CCG	E38000102	06P	NHS Luton CCG	Person	75.8	62.0	91.7	224,325	110
2019	01/01/2019 to 31/12/2019	CCG	E38000217	14L	NHS Manchester CCG	Person	103.2	92.8	114.6	630,776	376
2019	01/01/2019 to 31/12/2019	CCG	E38000106	06Q	NHS Mid Essex CCG	Person	45.2	38.6	52.6	358,842	169
2019	01/01/2019 to 31/12/2019	CCG	E38000107	04F	NHS Milton Keynes CCG	Person	62.3	52.1	73.8	282,618	136
2019	01/01/2019 to 31/12/2019	CCG	E38000228	01K	NHS Morecambe Bay CCG	Person	67.1	58.8	76.2	313,750	237
2019	01/01/2019 to 31/12/2019	CCG	E38000212	13T	NHS Newcastle Gateshead CCG	Person	80.8	72.3	90.0	492,798	329
2019	01/01/2019 to 31/12/2019	CCG	E38000113	08M	NHS Newham CCG	Person	78.9	65.8	93.6	399,826	153
2019	01/01/2019 to 31/12/2019	CCG	E38000239	26A	NHS Norfolk and Waveney CCG	Person	63.7	59.0	68.7	942,553	693
2019	01/01/2019 to 31/12/2019	CCG	E38000240	93C	NHS North Central London CCG	Person	60.5	55.7	65.5	1,565,207	624
2019	01/01/2019 to 31/12/2019	CCG	E38000215	01H	NHS North Cumbria CCG	Person	76.3	67.2	86.2	291,860	259
2019	01/01/2019 to 31/12/2019	CCG	E38000117	06T	NHS North East Essex CCG	Person	63.3	55.1	72.4	319,079	216
2019	01/01/2019 to 31/12/2019	CCG	E38000118	99M	NHS North East Hampshire and Farnham CCG	Person	39.7	31.4	49.6	209,577	79
2019	01/01/2019 to 31/12/2019	CCG	E38000119	03H	NHS North East Lincolnshire CCG	Person	88.9	74.8	104.8	154,604	142
2019	01/01/2019 to 31/12/2019	CCG	E38000120	10J	NHS North Hampshire CCG	Person	51.3	42.0	62.2	209,486	105
2019	01/01/2019 to 31/12/2019	CCG	E38000121	03J	NHS North Kirklees CCG	Person	91.6	77.1	108.0	181,119	142
2019	01/01/2019 to 31/12/2019	CCG	E38000122	03K	NHS North Lincolnshire CCG	Person	80.1	67.4	94.5	163,679	141
2019	01/01/2019 to 31/12/2019	CCG	E38000126	05G	NHS North Staffordshire CCG	Person	69.0	58.4	80.9	196,236	152
2019	01/01/2019 to 31/12/2019	CCG	E38000127	99C	NHS North Tyneside CCG	Person	69.9	59.0	82.2	201,292	146
2019	01/01/2019 to 31/12/2019	CCG	E38000241	42D	NHS North Yorkshire CCG	Person	61.2	54.2	68.9	381,306	282
2019	01/01/2019 to 31/12/2019	CCG	E38000242	78H	NHS Northamptonshire CCG	Person	65.6	59.6	72.0	720,649	438
2019	01/01/2019 to 31/12/2019	CCG	E38000130	00L	NHS Northumberland CCG	Person	63.7	55.6	72.7	292,600	227
2019	01/01/2019 to 31/12/2019	CCG	E38000243	52R	NHS Nottingham and Nottinghamshire CCG	Person	69.3	64.0	75.0	1,011,626	623
2019	01/01/2019 to 31/12/2019	CCG	E38000135	00Y	NHS Oldham CCG	Person	87.8	75.3	101.7	241,016	178
2019	01/01/2019 to 31/12/2019	CCG	E38000136	10Q	NHS Oxfordshire CCG	Person	47.9	42.6	53.8	699,395	292
2019	01/01/2019 to 31/12/2019	CCG	E38000137	10R	NHS Portsmouth CCG	Person	92.5	78.5	108.4	217,642	155
2019	01/01/2019 to 31/12/2019	CCG	E38000138	08N	NHS Redbridge CCG	Person	61.1	50.8	72.9	309,861	128
2019	01/01/2019 to 31/12/2019	CCG	E38000141	03L	NHS Rotherham CCG	Person	79.3	68.4	91.4	241,875	191
2019	01/01/2019 to 31/12/2019	CCG	E38000143	01G	NHS Salford CCG	Person	82.6	70.3	96.4	262,263	162
2019	01/01/2019 to 31/12/2019	CCG	E38000144	05L	NHS Sandwell and West Birmingham CCG	Person	88.1	78.8	98.2	543,378	341
2019	01/01/2019 to 31/12/2019	CCG	E38000146	03N	NHS Sheffield CCG	Person	67.4	60.1	75.3	562,521	312
2019	01/01/2019 to 31/12/2019	CCG	E38000147	05N	NHS Shropshire CCG	Person	62.2	54.0	71.2	276,587	212
2019	01/01/2019 to 31/12/2019	CCG	E38000150	11X	NHS Somerset CCG	Person	54.1	48.4	60.4	516,531	328
2019	01/01/2019 to 31/12/2019	CCG	E38000244	72Q	NHS South East London CCG	Person	61.5	57.1	66.1	1,891,250	780
2019	01/01/2019 to 31/12/2019	CCG	E38000153	05Q	NHS South East Staffordshire and Seisdon Peninsula CCG	Person	63.4	53.1	75.1	192,764	134
2019	01/01/2019 to 31/12/2019	CCG	E38000154	10V	NHS South Eastern Hampshire CCG	Person	57.2	47.5	68.2	192,945	125
2019	01/01/2019 to 31/12/2019	CCG	E38000161	01T	NHS South Sefton CCG	Person	97.8	82.4	115.4	141,890	142
2019	01/01/2019 to 31/12/2019	CCG	E38000163	00N	NHS South Tyneside CCG	Person	87.4	73.0	103.8	144,161	130
2019	01/01/2019 to 31/12/2019	CCG	E38000164	05R	NHS South Warwickshire CCG	Person	51.1	43.0	60.1	262,926	144
2019	01/01/2019 to 31/12/2019	CCG	E38000245	36L	NHS South West London CCG	Person	58.5	54.0	63.3	1,594,975	651
2019	01/01/2019 to 31/12/2019	CCG	E38000167	10X	NHS Southampton CCG	Person	78.4	66.5	91.8	273,003	158
2019	01/01/2019 to 31/12/2019	CCG	E38000168	99G	NHS Southend CCG	Person	74.6	62.0	88.9	172,828	125
2019	01/01/2019 to 31/12/2019	CCG	E38000170	01V	NHS Southport and Formby CCG	Person	68.1	54.7	83.9	109,116	90
2019	01/01/2019 to 31/12/2019	CCG	E38000172	01X	NHS St Helens CCG	Person	104.6	90.4	120.4	180,040	196
2019	01/01/2019 to 31/12/2019	CCG	E38000173	05V	NHS Stafford and Surrounds CCG	Person	59.1	47.5	72.7	133,363	90
2019	01/01/2019 to 31/12/2019	CCG	E38000174	01W	NHS Stockport CCG	Person	64.2	55.2	74.4	286,314	179
2019	01/01/2019 to 31/12/2019	CCG	E38000175	05W	NHS Stoke on Trent CCG	Person	75.9	65.4	87.5	271,504	188
2019	01/01/2019 to 31/12/2019	CCG	E38000176	00P	NHS Sunderland CCG	Person	85.4	74.6	97.3	259,848	226
2019	01/01/2019 to 31/12/2019	CCG	E38000246	92A	NHS Surrey Heartlands CCG	Person	44.7	40.5	49.2	999,531	419
2019	01/01/2019 to 31/12/2019	CCG	E38000178	10C	NHS Surrey Heath CCG	Person	50.4	36.2	68.2	88,419	42
2019	01/01/2019 to 31/12/2019	CCG	E38000182	01Y	NHS Tameside and Glossop CCG	Person	90.2	78.1	103.6	230,866	199
2019	01/01/2019 to 31/12/2019	CCG	E38000247	16C	NHS Tees Valley CCG	Person	82.5	75.6	89.9	648,486	528
2019	01/01/2019 to 31/12/2019	CCG	E38000183	05X	NHS Telford and Wrekin CCG	Person	72.2	59.7	86.5	176,186	118
2019	01/01/2019 to 31/12/2019	CCG	E38000185	07G	NHS Thurrock CCG	Person	62.7	49.9	77.7	168,475	84
2019	01/01/2019 to 31/12/2019	CCG	E38000186	08V	NHS Tower Hamlets CCG	Person	75.3	59.1	94.1	327,328	91
2019	01/01/2019 to 31/12/2019	CCG	E38000187	02A	NHS Trafford CCG	Person	70.4	59.2	83.2	223,836	140
2019	01/01/2019 to 31/12/2019	CCG	E38000188	03Q	NHS Vale of York CCG	Person	57.3	49.5	66.1	329,245	191
2019	01/01/2019 to 31/12/2019	CCG	E38000190	03R	NHS Wakefield CCG	Person	86.1	76.5	96.5	348,085	294
2019	01/01/2019 to 31/12/2019	CCG	E38000191	05Y	NHS Walsall CCG	Person	91.9	79.8	105.3	265,828	208
2019	01/01/2019 to 31/12/2019	CCG	E38000192	08W	NHS Waltham Forest CCG	Person	73.0	60.7	87.0	301,852	136
2019	01/01/2019 to 31/12/2019	CCG	E38000194	02E	NHS Warrington CCG	Person	75.5	63.9	88.7	201,751	149
2019	01/01/2019 to 31/12/2019	CCG	E38000195	05H	NHS Warwickshire North CCG	Person	71.6	59.8	85.0	176,107	131
2019	01/01/2019 to 31/12/2019	CCG	E38000197	07H	NHS West Essex CCG	Person	58.7	49.9	68.6	291,575	159
2019	01/01/2019 to 31/12/2019	CCG	E38000198	11A	NHS West Hampshire CCG	Person	42.5	37.3	48.3	505,692	241
2019	01/01/2019 to 31/12/2019	CCG	E38000200	02G	NHS West Lancashire CCG	Person	72.1	57.1	89.8	102,563	80
2019	01/01/2019 to 31/12/2019	CCG	E38000201	04V	NHS West Leicestershire CCG	Person	70.0	61.7	79.1	365,156	257
2019	01/01/2019 to 31/12/2019	CCG	E38000202	08Y	NHS West London CCG	Person	49.7	39.5	61.6	242,253	86
2019	01/01/2019 to 31/12/2019	CCG	E38000204	07K	NHS West Suffolk CCG	Person	57.3	48.4	67.4	226,612	147
2019	01/01/2019 to 31/12/2019	CCG	E38000248	70F	NHS West Sussex CCG	Person	52.0	47.3	57.1	800,614	452
2019	01/01/2019 to 31/12/2019	CCG	E38000205	02H	NHS Wigan Borough CCG	Person	97.9	87.2	109.7	303,684	302
2019	01/01/2019 to 31/12/2019	CCG	E38000208	12F	NHS Wirral CCG	Person	67.5	58.8	77.1	304,903	219
2019	01/01/2019 to 31/12/2019	CCG	E38000210	06A	NHS Wolverhampton CCG	Person	101.8	88.7	116.2	262,858	220
2019	01/01/2019 to 31/12/2019	CCG	E38000004	07L	NHS Barking and Dagenham CCG	Female	46.3	30.5	67.1	108,392	29
2019	01/01/2019 to 31/12/2019	CCG	E38000006	02P	NHS Barnsley CCG	Female	48.2	36.6	62.4	119,052	58
2019	01/01/2019 to 31/12/2019	CCG	E38000007	99E	NHS Basildon and Brentwood CCG	Female	33.9	24.4	45.9	129,064	42
2019	01/01/2019 to 31/12/2019	CCG	E38000008	02Q	NHS Bassetlaw CCG	Female	48.7	32.6	70.1	53,196	29
2019	01/01/2019 to 31/12/2019	CCG	E38000231	92G	NHS Bath and North East Somerset, Swindon and Wiltshire CCG	Female	34.3	29.1	40.2	434,639	153
2019	01/01/2019 to 31/12/2019	CCG	E38000010	06F	NHS Bedfordshire CCG	Female	34.2	26.8	43.1	222,811	73
2019	01/01/2019 to 31/12/2019	CCG	E38000221	15A	NHS Berkshire West CCG	Female	33.9	26.6	42.7	251,647	73
2019	01/01/2019 to 31/12/2019	CCG	E38000220	15E	NHS Birmingham and Solihull CCG	Female	44.4	38.6	50.9	602,705	211
2019	01/01/2019 to 31/12/2019	CCG	E38000014	00Q	NHS Blackburn with Darwen CCG	Female	61.2	43.8	83.0	80,737	41
2019	01/01/2019 to 31/12/2019	CCG	E38000015	00R	NHS Blackpool CCG	Female	64.2	48.0	84.1	76,746	53
2019	01/01/2019 to 31/12/2019	CCG	E38000016	00T	NHS Bolton CCG	Female	58.8	46.3	73.7	142,298	76
2019	01/01/2019 to 31/12/2019	CCG	E38000232	36J	NHS Bradford District and Craven CCG	Female	52.0	43.4	61.9	291,769	127
2019	01/01/2019 to 31/12/2019	CCG	E38000020	07P	NHS Brent CCG	Female	48.1	35.9	62.9	178,895	55
2019	01/01/2019 to 31/12/2019	CCG	E38000021	09D	NHS Brighton and Hove CCG	Female	37.1	26.4	50.7	148,185	40
2019	01/01/2019 to 31/12/2019	CCG	E38000222	15C	NHS Bristol, North Somerset and South Gloucestershire CCG	Female	36.3	30.7	42.7	468,673	147
2019	01/01/2019 to 31/12/2019	CCG	E38000223	14Y	NHS Buckinghamshire CCG	Female	32.5	25.8	40.4	258,330	81
2019	01/01/2019 to 31/12/2019	CCG	E38000024	00V	NHS Bury CCG	Female	50.4	36.9	67.2	93,719	46
2019	01/01/2019 to 31/12/2019	CCG	E38000025	02T	NHS Calderdale CCG	Female	47.5	35.0	63.0	101,311	48
2019	01/01/2019 to 31/12/2019	CCG	E38000026	06H	NHS Cambridgeshire and Peterborough CCG	Female	37.1	31.3	43.6	443,728	147
2019	01/01/2019 to 31/12/2019	CCG	E38000028	04Y	NHS Cannock Chase CCG	Female	36.7	23.5	54.7	60,455	24
2019	01/01/2019 to 31/12/2019	CCG	E38000030	99F	NHS Castle Point and Rochford CCG	Female	35.4	24.3	49.7	82,589	34
2019	01/01/2019 to 31/12/2019	CCG	E38000031	09A	NHS Central London (Westminster) CCG	Female	31.0	18.6	48.6	109,603	19
2019	01/01/2019 to 31/12/2019	CCG	E38000233	27D	NHS Cheshire CCG	Female	36.7	30.9	43.2	346,761	142
2019	01/01/2019 to 31/12/2019	CCG	E38000034	00X	NHS Chorley and South Ribble CCG	Female	39.4	27.6	54.6	83,963	36
2019	01/01/2019 to 31/12/2019	CCG	E38000035	07T	NHS City and Hackney CCG	Female	39.6	26.3	57.0	157,373	31
2019	01/01/2019 to 31/12/2019	CCG	E38000234	84H	NHS County Durham CCG	Female	48.0	40.1	57.0	251,893	131
2019	01/01/2019 to 31/12/2019	CCG	E38000038	05A	NHS Coventry and Rugby CCG	Female	37.4	29.0	47.6	236,450	67
2019	01/01/2019 to 31/12/2019	CCG	E38000229	15M	NHS Derby and Derbyshire CCG	Female	42.3	36.8	48.3	474,188	215
2019	01/01/2019 to 31/12/2019	CCG	E38000230	15N	NHS Devon CCG	Female	39.2	34.4	44.3	555,564	253
2019	01/01/2019 to 31/12/2019	CCG	E38000044	02X	NHS Doncaster CCG	Female	54.3	43.1	67.7	145,954	80
2019	01/01/2019 to 31/12/2019	CCG	E38000045	11J	NHS Dorset CCG	Female	30.5	25.4	36.2	353,551	130
2019	01/01/2019 to 31/12/2019	CCG	E38000046	05C	NHS Dudley CCG	Female	41.1	31.6	52.7	145,477	63
2019	01/01/2019 to 31/12/2019	CCG	E38000048	07W	NHS Ealing CCG	Female	45.1	34.2	58.4	200,793	59
2019	01/01/2019 to 31/12/2019	CCG	E38000049	06K	NHS East and North Hertfordshire CCG	Female	37.4	30.2	45.8	274,839	94
2019	01/01/2019 to 31/12/2019	CCG	E38000224	15D	NHS East Berkshire CCG	Female	37.9	29.1	48.6	214,869	63
2019	01/01/2019 to 31/12/2019	CCG	E38000050	01A	NHS East Lancashire CCG	Female	72.0	59.9	85.9	174,714	124
2019	01/01/2019 to 31/12/2019	CCG	E38000051	03W	NHS East Leicestershire and Rutland CCG	Female	29.1	21.6	38.2	149,523	51
2019	01/01/2019 to 31/12/2019	CCG	E38000052	02Y	NHS East Riding of Yorkshire CCG	Female	36.8	28.3	47.1	135,106	64
2019	01/01/2019 to 31/12/2019	CCG	E38000053	05D	NHS East Staffordshire CCG	Female	39.7	25.9	58.1	64,467	26
2019	01/01/2019 to 31/12/2019	CCG	E38000235	97R	NHS East Sussex CCG	Female	33.3	27.2	40.3	247,684	107
2019	01/01/2019 to 31/12/2019	CCG	E38000059	10K	NHS Fareham and Gosport CCG	Female	30.7	21.0	43.2	92,373	33
2019	01/01/2019 to 31/12/2019	CCG	E38000226	02M	NHS Fylde and Wyre CCG	Female	46.7	34.3	62.2	77,318	48
2019	01/01/2019 to 31/12/2019	CCG	E38000062	11M	NHS Gloucestershire CCG	Female	33.4	27.3	40.3	296,953	108
2019	01/01/2019 to 31/12/2019	CCG	E38000064	03A	NHS Greater Huddersfield CCG	Female	47.3	35.3	62.0	113,494	52
2019	01/01/2019 to 31/12/2019	CCG	E38000227	01E	NHS Greater Preston CCG	Female	49.5	35.6	66.9	95,857	42
2019	01/01/2019 to 31/12/2019	CCG	E38000068	01F	NHS Halton CCG	Female	35.3	21.8	54.0	61,172	21
2019	01/01/2019 to 31/12/2019	CCG	E38000070	08C	NHS Hammersmith and Fulham CCG	Female	41.8	27.3	61.1	127,947	28
2019	01/01/2019 to 31/12/2019	CCG	E38000074	08E	NHS Harrow CCG	Female	29.7	20.0	42.4	124,263	30
2019	01/01/2019 to 31/12/2019	CCG	E38000077	08F	NHS Havering CCG	Female	49.7	37.9	64.0	129,473	60
2019	01/01/2019 to 31/12/2019	CCG	E38000236	18C	NHS Herefordshire and Worcestershire CCG	Female	40.8	34.8	47.6	355,685	166
2019	01/01/2019 to 31/12/2019	CCG	E38000079	06N	NHS Herts Valley CCG	Female	27.3	21.3	34.4	299,398	72
2019	01/01/2019 to 31/12/2019	CCG	E38000080	01D	NHS Heywood, Middleton and Rochdale CCG	Female	59.5	45.2	76.9	108,043	58
2019	01/01/2019 to 31/12/2019	CCG	E38000082	08G	NHS Hillingdon CCG	Female	35.1	24.6	48.4	145,025	37
2019	01/01/2019 to 31/12/2019	CCG	E38000084	07Y	NHS Hounslow CCG	Female	45.8	33.4	61.2	148,125	46
2019	01/01/2019 to 31/12/2019	CCG	E38000085	03F	NHS Hull CCG	Female	60.7	47.5	76.5	136,684	72
2019	01/01/2019 to 31/12/2019	CCG	E38000086	06L	NHS Ipswich and East Suffolk CCG	Female	34.9	27.3	44.0	182,849	72
2019	01/01/2019 to 31/12/2019	CCG	E38000087	10L	NHS Isle of Wight CCG	Female	51.2	36.8	69.2	63,460	44
2019	01/01/2019 to 31/12/2019	CCG	E38000237	91Q	NHS Kent and Medway CCG	Female	38.2	34.2	42.5	873,171	339
2019	01/01/2019 to 31/12/2019	CCG	E38000089	11N	NHS Kernow CCG	Female	38.1	31.7	45.5	261,052	124
2019	01/01/2019 to 31/12/2019	CCG	E38000091	01J	NHS Knowsley CCG	Female	72.1	53.4	95.1	77,002	50
2019	01/01/2019 to 31/12/2019	CCG	E38000225	15F	NHS Leeds CCG	Female	44.8	37.9	52.7	408,488	148
2019	01/01/2019 to 31/12/2019	CCG	E38000097	04C	NHS Leicester City CCG	Female	54.9	42.4	69.7	192,063	68
2019	01/01/2019 to 31/12/2019	CCG	E38000238	71E	NHS Lincolnshire CCG	Female	46.6	40.3	53.7	356,091	196
2019	01/01/2019 to 31/12/2019	CCG	E38000101	99A	NHS Liverpool CCG	Female	57.4	47.5	68.8	248,958	118
2019	01/01/2019 to 31/12/2019	CCG	E38000102	06P	NHS Luton CCG	Female	66.6	48.5	89.1	108,045	46
2019	01/01/2019 to 31/12/2019	CCG	E38000217	14L	NHS Manchester CCG	Female	71.1	58.6	85.4	301,619	117
2019	01/01/2019 to 31/12/2019	CCG	E38000106	06Q	NHS Mid Essex CCG	Female	31.3	23.8	40.3	179,292	60
2019	01/01/2019 to 31/12/2019	CCG	E38000107	04F	NHS Milton Keynes CCG	Female	40.3	29.5	53.7	139,722	47
2019	01/01/2019 to 31/12/2019	CCG	E38000228	01K	NHS Morecambe Bay CCG	Female	39.6	31.0	50.0	154,679	72
2019	01/01/2019 to 31/12/2019	CCG	E38000212	13T	NHS Newcastle Gateshead CCG	Female	54.7	45.0	65.8	238,099	111
2019	01/01/2019 to 31/12/2019	CCG	E38000113	08M	NHS Newham CCG	Female	52.9	38.9	70.2	188,589	54
2019	01/01/2019 to 31/12/2019	CCG	E38000239	26A	NHS Norfolk and Waveney CCG	Female	41.3	36.1	47.1	469,577	231
2019	01/01/2019 to 31/12/2019	CCG	E38000240	93C	NHS North Central London CCG	Female	38.4	33.2	44.2	790,505	204
2019	01/01/2019 to 31/12/2019	CCG	E38000215	01H	NHS North Cumbria CCG	Female	52.8	42.4	65.0	144,385	90
2019	01/01/2019 to 31/12/2019	CCG	E38000117	06T	NHS North East Essex CCG	Female	32.6	24.7	42.1	160,140	59
2019	01/01/2019 to 31/12/2019	CCG	E38000118	99M	NHS North East Hampshire and Farnham CCG	Female	25.7	16.8	37.6	104,640	26
2019	01/01/2019 to 31/12/2019	CCG	E38000119	03H	NHS North East Lincolnshire CCG	Female	66.7	49.9	87.4	75,998	53
2019	01/01/2019 to 31/12/2019	CCG	E38000120	10J	NHS North Hampshire CCG	Female	38.3	27.3	52.2	104,146	40
2019	01/01/2019 to 31/12/2019	CCG	E38000121	03J	NHS North Kirklees CCG	Female	70.9	53.4	92.4	89,138	55
2019	01/01/2019 to 31/12/2019	CCG	E38000122	03K	NHS North Lincolnshire CCG	Female	53.1	39.0	70.7	80,576	47
2019	01/01/2019 to 31/12/2019	CCG	E38000126	05G	NHS North Staffordshire CCG	Female	42.9	31.6	57.0	96,821	48
2019	01/01/2019 to 31/12/2019	CCG	E38000127	99C	NHS North Tyneside CCG	Female	52.6	39.8	68.2	101,007	57
2019	01/01/2019 to 31/12/2019	CCG	E38000241	42D	NHS North Yorkshire CCG	Female	34.2	27.2	42.5	190,377	83
2019	01/01/2019 to 31/12/2019	CCG	E38000242	78H	NHS Northamptonshire CCG	Female	39.4	33.0	46.7	356,160	133
2019	01/01/2019 to 31/12/2019	CCG	E38000130	00L	NHS Northumberland CCG	Female	34.7	26.6	44.6	146,840	63
2019	01/01/2019 to 31/12/2019	CCG	E38000243	52R	NHS Nottingham and Nottinghamshire CCG	Female	44.3	38.4	50.9	496,101	202
2019	01/01/2019 to 31/12/2019	CCG	E38000135	00Y	NHS Oldham CCG	Female	64.6	49.9	82.2	119,050	66
2019	01/01/2019 to 31/12/2019	CCG	E38000136	10Q	NHS Oxfordshire CCG	Female	32.4	26.3	39.4	344,417	100
2019	01/01/2019 to 31/12/2019	CCG	E38000137	10R	NHS Portsmouth CCG	Female	68.8	52.1	89.0	105,731	58
2019	01/01/2019 to 31/12/2019	CCG	E38000138	08N	NHS Redbridge CCG	Female	39.8	28.3	54.3	152,498	40
2019	01/01/2019 to 31/12/2019	CCG	E38000141	03L	NHS Rotherham CCG	Female	57.8	45.0	73.0	120,004	70
2019	01/01/2019 to 31/12/2019	CCG	E38000143	01G	NHS Salford CCG	Female	51.6	38.1	68.3	126,880	49
2019	01/01/2019 to 31/12/2019	CCG	E38000144	05L	NHS Sandwell and West Birmingham CCG	Female	52.8	42.7	64.7	260,312	96
2019	01/01/2019 to 31/12/2019	CCG	E38000146	03N	NHS Sheffield CCG	Female	39.3	31.7	48.3	273,114	92
2019	01/01/2019 to 31/12/2019	CCG	E38000147	05N	NHS Shropshire CCG	Female	33.9	25.8	43.8	137,779	60
2019	01/01/2019 to 31/12/2019	CCG	E38000150	11X	NHS Somerset CCG	Female	31.8	25.8	38.8	258,029	99
2019	01/01/2019 to 31/12/2019	CCG	E38000244	72Q	NHS South East London CCG	Female	39.7	34.8	45.0	947,408	253
2019	01/01/2019 to 31/12/2019	CCG	E38000153	05Q	NHS South East Staffordshire and Seisdon Peninsula CCG	Female	41.4	30.2	55.5	95,920	45
2019	01/01/2019 to 31/12/2019	CCG	E38000154	10V	NHS South Eastern Hampshire CCG	Female	39.9	29.1	53.3	96,840	46
2019	01/01/2019 to 31/12/2019	CCG	E38000161	01T	NHS South Sefton CCG	Female	55.5	39.8	75.3	70,499	41
2019	01/01/2019 to 31/12/2019	CCG	E38000163	00N	NHS South Tyneside CCG	Female	52.3	37.2	71.6	70,309	39
2019	01/01/2019 to 31/12/2019	CCG	E38000164	05R	NHS South Warwickshire CCG	Female	33.3	24.5	44.2	128,618	48
2019	01/01/2019 to 31/12/2019	CCG	E38000245	36L	NHS South West London CCG	Female	33.8	29.1	39.0	790,836	189
2019	01/01/2019 to 31/12/2019	CCG	E38000167	10X	NHS Southampton CCG	Female	55.6	41.8	72.6	129,833	55
2019	01/01/2019 to 31/12/2019	CCG	E38000168	99G	NHS Southend CCG	Female	40.1	27.8	56.1	85,386	34
2019	01/01/2019 to 31/12/2019	CCG	E38000170	01V	NHS Southport and Formby CCG	Female	43.0	28.6	62.1	54,677	29
2019	01/01/2019 to 31/12/2019	CCG	E38000172	01X	NHS St Helens CCG	Female	72.2	56.0	91.6	89,193	68
2019	01/01/2019 to 31/12/2019	CCG	E38000173	05V	NHS Stafford and Surrounds CCG	Female	34.7	22.8	50.5	65,672	27
2019	01/01/2019 to 31/12/2019	CCG	E38000174	01W	NHS Stockport CCG	Female	34.6	25.6	45.7	142,197	49
2019	01/01/2019 to 31/12/2019	CCG	E38000175	05W	NHS Stoke on Trent CCG	Female	45.5	34.2	59.2	131,817	55
2019	01/01/2019 to 31/12/2019	CCG	E38000176	00P	NHS Sunderland CCG	Female	56.7	44.7	70.9	127,800	77
2019	01/01/2019 to 31/12/2019	CCG	E38000246	92A	NHS Surrey Heartlands CCG	Female	25.1	20.8	30.0	496,676	119
2019	01/01/2019 to 31/12/2019	CCG	E38000178	10C	NHS Surrey Heath CCG	Female	36.0	20.5	58.6	43,889	16
2019	01/01/2019 to 31/12/2019	CCG	E38000182	01Y	NHS Tameside and Glossop CCG	Female	68.5	53.9	85.8	114,331	76
2019	01/01/2019 to 31/12/2019	CCG	E38000247	16C	NHS Tees Valley CCG	Female	59.4	51.3	68.4	320,570	192
2019	01/01/2019 to 31/12/2019	CCG	E38000183	05X	NHS Telford and Wrekin CCG	Female	49.4	35.4	67.0	87,011	41
2019	01/01/2019 to 31/12/2019	CCG	E38000185	07G	NHS Thurrock CCG	Female	51.3	35.6	71.5	84,053	35
2019	01/01/2019 to 31/12/2019	CCG	E38000186	08V	NHS Tower Hamlets CCG	Female	41.3	25.7	62.2	157,708	25
2019	01/01/2019 to 31/12/2019	CCG	E38000187	02A	NHS Trafford CCG	Female	43.3	31.4	58.1	110,999	44
2019	01/01/2019 to 31/12/2019	CCG	E38000188	03Q	NHS Vale of York CCG	Female	36.3	27.8	46.6	165,947	62
2019	01/01/2019 to 31/12/2019	CCG	E38000190	03R	NHS Wakefield CCG	Female	53.8	43.5	65.9	171,874	94
2019	01/01/2019 to 31/12/2019	CCG	E38000191	05Y	NHS Walsall CCG	Female	64.1	50.3	80.6	131,448	73
2019	01/01/2019 to 31/12/2019	CCG	E38000192	08W	NHS Waltham Forest CCG	Female	43.6	30.7	60.0	147,368	39
2019	01/01/2019 to 31/12/2019	CCG	E38000194	02E	NHS Warrington CCG	Female	51.4	38.3	67.6	99,486	51
2019	01/01/2019 to 31/12/2019	CCG	E38000195	05H	NHS Warwickshire North CCG	Female	49.2	36.0	65.7	87,108	46
2019	01/01/2019 to 31/12/2019	CCG	E38000197	07H	NHS West Essex CCG	Female	30.4	21.9	41.1	146,095	42
2019	01/01/2019 to 31/12/2019	CCG	E38000198	11A	NHS West Hampshire CCG	Female	22.5	17.4	28.6	254,734	67
2019	01/01/2019 to 31/12/2019	CCG	E38000200	02G	NHS West Lancashire CCG	Female	54.4	36.9	77.3	51,249	31
2019	01/01/2019 to 31/12/2019	CCG	E38000201	04V	NHS West Leicestershire CCG	Female	45.3	36.1	56.2	178,592	84
2019	01/01/2019 to 31/12/2019	CCG	E38000202	08Y	NHS West London CCG	Female	35.6	23.8	50.9	120,478	30
2019	01/01/2019 to 31/12/2019	CCG	E38000204	07K	NHS West Suffolk CCG	Female	29.6	21.1	40.5	112,800	40
2019	01/01/2019 to 31/12/2019	CCG	E38000248	70F	NHS West Sussex CCG	Female	29.7	24.9	35.2	400,130	137
2019	01/01/2019 to 31/12/2019	CCG	E38000205	02H	NHS Wigan Borough CCG	Female	59.2	47.7	72.7	149,360	92
2019	01/01/2019 to 31/12/2019	CCG	E38000208	12F	NHS Wirral CCG	Female	40.4	31.4	51.3	151,870	68
2019	01/01/2019 to 31/12/2019	CCG	E38000210	06A	NHS Wolverhampton CCG	Female	60.4	46.5	77.0	128,657	65
2019	01/01/2019 to 31/12/2019	CCG	E38000004	07L	NHS Barking and Dagenham CCG	Male	91.0	66.5	121.1	111,112	51
2019	01/01/2019 to 31/12/2019	CCG	E38000006	02P	NHS Barnsley CCG	Male	125.8	106.4	147.6	121,860	150
2019	01/01/2019 to 31/12/2019	CCG	E38000007	99E	NHS Basildon and Brentwood CCG	Male	87.7	71.4	106.5	129,331	102
2019	01/01/2019 to 31/12/2019	CCG	E38000008	02Q	NHS Bassetlaw CCG	Male	99.8	75.9	128.8	54,005	59
2019	01/01/2019 to 31/12/2019	CCG	E38000231	92G	NHS Bath and North East Somerset, Swindon and Wiltshire CCG	Male	76.1	68.0	84.8	427,638	327
2019	01/01/2019 to 31/12/2019	CCG	E38000010	06F	NHS Bedfordshire CCG	Male	86.8	74.5	100.5	226,299	180
2019	01/01/2019 to 31/12/2019	CCG	E38000221	15A	NHS Berkshire West CCG	Male	59.8	49.8	71.2	261,033	128
2019	01/01/2019 to 31/12/2019	CCG	E38000220	15E	NHS Birmingham and Solihull CCG	Male	93.6	85.0	102.8	628,747	444
2019	01/01/2019 to 31/12/2019	CCG	E38000014	00Q	NHS Blackburn with Darwen CCG	Male	123.0	98.0	152.5	85,106	84
2019	01/01/2019 to 31/12/2019	CCG	E38000015	00R	NHS Blackpool CCG	Male	118.2	96.1	143.8	81,254	100
2019	01/01/2019 to 31/12/2019	CCG	E38000016	00T	NHS Bolton CCG	Male	144.1	124.0	166.5	148,450	185
2019	01/01/2019 to 31/12/2019	CCG	E38000232	36J	NHS Bradford District and Craven CCG	Male	125.8	112.1	140.8	303,548	308
2019	01/01/2019 to 31/12/2019	CCG	E38000020	07P	NHS Brent CCG	Male	79.6	63.7	98.1	194,514	96
2019	01/01/2019 to 31/12/2019	CCG	E38000021	09D	NHS Brighton and Hove CCG	Male	87.3	70.5	106.9	154,626	97
2019	01/01/2019 to 31/12/2019	CCG	E38000222	15C	NHS Bristol, North Somerset and South Gloucestershire CCG	Male	79.1	70.6	88.5	477,081	313
2019	01/01/2019 to 31/12/2019	CCG	E38000223	14Y	NHS Buckinghamshire CCG	Male	60.5	51.1	71.2	258,174	146
2019	01/01/2019 to 31/12/2019	CCG	E38000024	00V	NHS Bury CCG	Male	86.5	68.3	107.9	96,154	78
2019	01/01/2019 to 31/12/2019	CCG	E38000025	02T	NHS Calderdale CCG	Male	92.9	74.8	113.9	103,486	92
2019	01/01/2019 to 31/12/2019	CCG	E38000026	06H	NHS Cambridgeshire and Peterborough CCG	Male	78.6	70.0	87.9	467,637	307
2019	01/01/2019 to 31/12/2019	CCG	E38000028	04Y	NHS Cannock Chase CCG	Male	82.9	62.0	108.4	61,500	53
2019	01/01/2019 to 31/12/2019	CCG	E38000030	99F	NHS Castle Point and Rochford CCG	Male	101.2	81.5	124.1	82,763	93
2019	01/01/2019 to 31/12/2019	CCG	E38000031	09A	NHS Central London (Westminster) CCG	Male	63.0	45.6	84.5	118,611	48
2019	01/01/2019 to 31/12/2019	CCG	E38000233	27D	NHS Cheshire CCG	Male	87.1	77.8	97.2	352,026	321
2019	01/01/2019 to 31/12/2019	CCG	E38000034	00X	NHS Chorley and South Ribble CCG	Male	100.1	80.4	123.3	85,172	89
2019	01/01/2019 to 31/12/2019	CCG	E38000035	07T	NHS City and Hackney CCG	Male	114.8	90.5	143.2	156,646	89
2019	01/01/2019 to 31/12/2019	CCG	E38000234	84H	NHS County Durham CCG	Male	114.4	101.8	128.1	254,348	301
2019	01/01/2019 to 31/12/2019	CCG	E38000038	05A	NHS Coventry and Rugby CCG	Male	106.7	92.2	122.8	252,120	197
2019	01/01/2019 to 31/12/2019	CCG	E38000229	15M	NHS Derby and Derbyshire CCG	Male	100.9	92.3	110.1	487,648	503
2019	01/01/2019 to 31/12/2019	CCG	E38000230	15N	NHS Devon CCG	Male	86.8	79.6	94.5	546,905	541
2019	01/01/2019 to 31/12/2019	CCG	E38000044	02X	NHS Doncaster CCG	Male	99.0	83.4	116.6	149,981	143
2019	01/01/2019 to 31/12/2019	CCG	E38000045	11J	NHS Dorset CCG	Male	73.4	65.3	82.3	357,213	296
2019	01/01/2019 to 31/12/2019	CCG	E38000046	05C	NHS Dudley CCG	Male	99.5	84.1	117.0	148,513	148
2019	01/01/2019 to 31/12/2019	CCG	E38000048	07W	NHS Ealing CCG	Male	102.9	86.0	122.0	222,436	143
2019	01/01/2019 to 31/12/2019	CCG	E38000049	06K	NHS East and North Hertfordshire CCG	Male	84.0	72.9	96.5	279,489	204
2019	01/01/2019 to 31/12/2019	CCG	E38000224	15D	NHS East Berkshire CCG	Male	78.2	65.2	93.1	222,242	131
2019	01/01/2019 to 31/12/2019	CCG	E38000050	01A	NHS East Lancashire CCG	Male	126.5	110.3	144.4	180,326	220
2019	01/01/2019 to 31/12/2019	CCG	E38000051	03W	NHS East Leicestershire and Rutland CCG	Male	75.0	62.2	89.6	149,351	122
2019	01/01/2019 to 31/12/2019	CCG	E38000052	02Y	NHS East Riding of Yorkshire CCG	Male	84.0	70.8	99.0	135,703	145
2019	01/01/2019 to 31/12/2019	CCG	E38000053	05D	NHS East Staffordshire CCG	Male	93.8	71.8	120.6	66,791	61
2019	01/01/2019 to 31/12/2019	CCG	E38000235	97R	NHS East Sussex CCG	Male	90.6	79.8	102.5	244,841	258
2019	01/01/2019 to 31/12/2019	CCG	E38000059	10K	NHS Fareham and Gosport CCG	Male	80.9	64.2	100.6	91,012	81
2019	01/01/2019 to 31/12/2019	CCG	E38000226	02M	NHS Fylde and Wyre CCG	Male	115.2	94.9	138.6	77,886	114
2019	01/01/2019 to 31/12/2019	CCG	E38000062	11M	NHS Gloucestershire CCG	Male	86.1	76.0	97.0	293,555	267
2019	01/01/2019 to 31/12/2019	CCG	E38000064	03A	NHS Greater Huddersfield CCG	Male	82.4	66.0	101.5	117,481	88
2019	01/01/2019 to 31/12/2019	CCG	E38000227	01E	NHS Greater Preston CCG	Male	115.9	94.0	141.3	99,575	98
2019	01/01/2019 to 31/12/2019	CCG	E38000068	01F	NHS Halton CCG	Male	116.9	91.1	147.7	62,140	70
2019	01/01/2019 to 31/12/2019	CCG	E38000070	08C	NHS Hammersmith and Fulham CCG	Male	101.6	77.7	130.2	132,706	69
2019	01/01/2019 to 31/12/2019	CCG	E38000074	08E	NHS Harrow CCG	Male	81.2	64.0	101.6	129,043	79
2019	01/01/2019 to 31/12/2019	CCG	E38000077	08F	NHS Havering CCG	Male	91.5	74.6	111.0	127,256	103
2019	01/01/2019 to 31/12/2019	CCG	E38000236	18C	NHS Herefordshire and Worcestershire CCG	Male	82.2	73.5	91.6	360,236	329
2019	01/01/2019 to 31/12/2019	CCG	E38000079	06N	NHS Herts Valley CCG	Male	78.0	67.4	89.7	303,608	199
2019	01/01/2019 to 31/12/2019	CCG	E38000080	01D	NHS Heywood, Middleton and Rochdale CCG	Male	120.8	99.9	144.9	112,252	117
2019	01/01/2019 to 31/12/2019	CCG	E38000082	08G	NHS Hillingdon CCG	Male	88.0	70.8	108.0	153,966	94
2019	01/01/2019 to 31/12/2019	CCG	E38000084	07Y	NHS Hounslow CCG	Male	110.3	90.3	133.3	160,766	113
2019	01/01/2019 to 31/12/2019	CCG	E38000085	03F	NHS Hull CCG	Male	140.6	120.3	163.2	144,446	173
2019	01/01/2019 to 31/12/2019	CCG	E38000086	06L	NHS Ipswich and East Suffolk CCG	Male	77.8	66.1	91.1	186,604	156
2019	01/01/2019 to 31/12/2019	CCG	E38000087	10L	NHS Isle of Wight CCG	Male	106.6	84.8	132.3	62,992	86
2019	01/01/2019 to 31/12/2019	CCG	E38000237	91Q	NHS Kent and Medway CCG	Male	84.1	78.0	90.5	868,493	708
2019	01/01/2019 to 31/12/2019	CCG	E38000089	11N	NHS Kernow CCG	Male	100.1	89.1	112.1	256,783	305
2019	01/01/2019 to 31/12/2019	CCG	E38000091	01J	NHS Knowsley CCG	Male	114.5	90.1	143.4	77,621	77
2019	01/01/2019 to 31/12/2019	CCG	E38000225	15F	NHS Leeds CCG	Male	92.4	82.2	103.5	421,377	302
2019	01/01/2019 to 31/12/2019	CCG	E38000097	04C	NHS Leicester City CCG	Male	120.4	101.7	141.4	203,911	154
2019	01/01/2019 to 31/12/2019	CCG	E38000238	71E	NHS Lincolnshire CCG	Male	96.3	86.9	106.4	354,519	389
2019	01/01/2019 to 31/12/2019	CCG	E38000101	99A	NHS Liverpool CCG	Male	112.8	98.6	128.5	258,594	230
2019	01/01/2019 to 31/12/2019	CCG	E38000102	06P	NHS Luton CCG	Male	85.0	64.9	109.3	116,280	64
2019	01/01/2019 to 31/12/2019	CCG	E38000217	14L	NHS Manchester CCG	Male	135.4	118.8	153.5	329,157	259
2019	01/01/2019 to 31/12/2019	CCG	E38000106	06Q	NHS Mid Essex CCG	Male	59.1	48.5	71.4	179,550	109
2019	01/01/2019 to 31/12/2019	CCG	E38000107	04F	NHS Milton Keynes CCG	Male	84.2	67.5	103.8	142,896	89
2019	01/01/2019 to 31/12/2019	CCG	E38000228	01K	NHS Morecambe Bay CCG	Male	94.5	80.6	110.1	159,071	165
2019	01/01/2019 to 31/12/2019	CCG	E38000212	13T	NHS Newcastle Gateshead CCG	Male	106.9	93.1	122.1	254,699	218
2019	01/01/2019 to 31/12/2019	CCG	E38000113	08M	NHS Newham CCG	Male	104.8	83.2	129.8	211,237	99
2019	01/01/2019 to 31/12/2019	CCG	E38000239	26A	NHS Norfolk and Waveney CCG	Male	86.1	78.4	94.4	472,976	462
2019	01/01/2019 to 31/12/2019	CCG	E38000240	93C	NHS North Central London CCG	Male	82.5	74.5	91.1	774,702	420
2019	01/01/2019 to 31/12/2019	CCG	E38000215	01H	NHS North Cumbria CCG	Male	99.8	85.2	116.1	147,475	169
2019	01/01/2019 to 31/12/2019	CCG	E38000117	06T	NHS North East Essex CCG	Male	94.1	79.8	110.1	158,939	157
2019	01/01/2019 to 31/12/2019	CCG	E38000118	99M	NHS North East Hampshire and Farnham CCG	Male	53.7	40.1	70.4	104,937	53
2019	01/01/2019 to 31/12/2019	CCG	E38000119	03H	NHS North East Lincolnshire CCG	Male	111.0	89.1	136.6	78,606	89
2019	01/01/2019 to 31/12/2019	CCG	E38000120	10J	NHS North Hampshire CCG	Male	64.4	49.6	82.1	105,340	65
2019	01/01/2019 to 31/12/2019	CCG	E38000121	03J	NHS North Kirklees CCG	Male	112.3	89.9	138.6	91,981	87
2019	01/01/2019 to 31/12/2019	CCG	E38000122	03K	NHS North Lincolnshire CCG	Male	107.0	86.4	131.0	83,103	94
2019	01/01/2019 to 31/12/2019	CCG	E38000126	05G	NHS North Staffordshire CCG	Male	95.1	77.6	115.3	99,415	104
2019	01/01/2019 to 31/12/2019	CCG	E38000127	99C	NHS North Tyneside CCG	Male	87.2	70.0	107.3	100,285	89
2019	01/01/2019 to 31/12/2019	CCG	E38000241	42D	NHS North Yorkshire CCG	Male	88.2	76.3	101.5	190,929	199
2019	01/01/2019 to 31/12/2019	CCG	E38000242	78H	NHS Northamptonshire CCG	Male	91.8	81.7	102.7	364,489	305
2019	01/01/2019 to 31/12/2019	CCG	E38000130	00L	NHS Northumberland CCG	Male	92.8	79.0	108.2	145,760	164
2019	01/01/2019 to 31/12/2019	CCG	E38000243	52R	NHS Nottingham and Nottinghamshire CCG	Male	94.3	85.5	103.8	515,525	421
2019	01/01/2019 to 31/12/2019	CCG	E38000135	00Y	NHS Oldham CCG	Male	111.0	91.3	133.6	121,966	112
2019	01/01/2019 to 31/12/2019	CCG	E38000136	10Q	NHS Oxfordshire CCG	Male	63.5	54.8	73.2	354,978	192
2019	01/01/2019 to 31/12/2019	CCG	E38000137	10R	NHS Portsmouth CCG	Male	116.3	94.2	142.1	111,911	97
2019	01/01/2019 to 31/12/2019	CCG	E38000138	08N	NHS Redbridge CCG	Male	82.5	65.7	102.1	157,363	88
2019	01/01/2019 to 31/12/2019	CCG	E38000141	03L	NHS Rotherham CCG	Male	100.8	83.6	120.5	121,871	121
2019	01/01/2019 to 31/12/2019	CCG	E38000143	01G	NHS Salford CCG	Male	113.6	93.4	136.8	135,383	113
2019	01/01/2019 to 31/12/2019	CCG	E38000144	05L	NHS Sandwell and West Birmingham CCG	Male	123.4	108.0	140.3	283,066	245
2019	01/01/2019 to 31/12/2019	CCG	E38000146	03N	NHS Sheffield CCG	Male	95.4	83.1	108.9	289,407	220
2019	01/01/2019 to 31/12/2019	CCG	E38000147	05N	NHS Shropshire CCG	Male	90.4	76.5	106.1	138,808	152
2019	01/01/2019 to 31/12/2019	CCG	E38000150	11X	NHS Somerset CCG	Male	76.5	66.8	87.1	258,502	229
2019	01/01/2019 to 31/12/2019	CCG	E38000244	72Q	NHS South East London CCG	Male	83.4	76.1	91.0	943,842	527
2019	01/01/2019 to 31/12/2019	CCG	E38000153	05Q	NHS South East Staffordshire and Seisdon Peninsula CCG	Male	85.3	68.5	105.0	96,844	89
2019	01/01/2019 to 31/12/2019	CCG	E38000154	10V	NHS South Eastern Hampshire CCG	Male	74.5	58.9	92.9	96,105	79
2019	01/01/2019 to 31/12/2019	CCG	E38000161	01T	NHS South Sefton CCG	Male	140.2	114.1	170.5	71,391	101
2019	01/01/2019 to 31/12/2019	CCG	E38000163	00N	NHS South Tyneside CCG	Male	122.5	98.6	150.5	73,852	91
2019	01/01/2019 to 31/12/2019	CCG	E38000164	05R	NHS South Warwickshire CCG	Male	68.8	55.7	84.0	134,308	96
2019	01/01/2019 to 31/12/2019	CCG	E38000245	36L	NHS South West London CCG	Male	83.2	75.6	91.3	804,139	462
2019	01/01/2019 to 31/12/2019	CCG	E38000167	10X	NHS Southampton CCG	Male	101.3	82.4	123.1	143,170	103
2019	01/01/2019 to 31/12/2019	CCG	E38000168	99G	NHS Southend CCG	Male	109.0	87.7	133.9	87,442	91
2019	01/01/2019 to 31/12/2019	CCG	E38000170	01V	NHS Southport and Formby CCG	Male	93.3	71.3	119.9	54,439	61
2019	01/01/2019 to 31/12/2019	CCG	E38000172	01X	NHS St Helens CCG	Male	137.0	114.2	162.9	90,847	128
2019	01/01/2019 to 31/12/2019	CCG	E38000173	05V	NHS Stafford and Surrounds CCG	Male	83.6	64.2	107.0	67,691	63
2019	01/01/2019 to 31/12/2019	CCG	E38000174	01W	NHS Stockport CCG	Male	93.9	78.4	111.5	144,117	130
2019	01/01/2019 to 31/12/2019	CCG	E38000175	05W	NHS Stoke on Trent CCG	Male	106.2	88.9	125.9	139,687	133
2019	01/01/2019 to 31/12/2019	CCG	E38000176	00P	NHS Sunderland CCG	Male	114.0	96.4	133.9	132,048	149
2019	01/01/2019 to 31/12/2019	CCG	E38000246	92A	NHS Surrey Heartlands CCG	Male	64.4	57.3	72.1	502,855	300
2019	01/01/2019 to 31/12/2019	CCG	E38000178	10C	NHS Surrey Heath CCG	Male	64.8	42.2	95.1	44,530	26
2019	01/01/2019 to 31/12/2019	CCG	E38000182	01Y	NHS Tameside and Glossop CCG	Male	111.9	92.9	133.5	116,535	123
2019	01/01/2019 to 31/12/2019	CCG	E38000247	16C	NHS Tees Valley CCG	Male	105.7	94.7	117.6	327,916	336
2019	01/01/2019 to 31/12/2019	CCG	E38000183	05X	NHS Telford and Wrekin CCG	Male	95.0	75.0	118.8	89,175	77
2019	01/01/2019 to 31/12/2019	CCG	E38000185	07G	NHS Thurrock CCG	Male	74.0	54.6	98.1	84,422	49
2019	01/01/2019 to 31/12/2019	CCG	E38000186	08V	NHS Tower Hamlets CCG	Male	109.2	81.7	142.3	169,620	66
2019	01/01/2019 to 31/12/2019	CCG	E38000187	02A	NHS Trafford CCG	Male	97.6	78.9	119.3	112,837	96
2019	01/01/2019 to 31/12/2019	CCG	E38000188	03Q	NHS Vale of York CCG	Male	78.3	65.4	93.1	163,298	129
2019	01/01/2019 to 31/12/2019	CCG	E38000190	03R	NHS Wakefield CCG	Male	118.3	102.5	135.9	176,211	200
2019	01/01/2019 to 31/12/2019	CCG	E38000191	05Y	NHS Walsall CCG	Male	119.7	100.3	141.7	134,380	135
2019	01/01/2019 to 31/12/2019	CCG	E38000192	08W	NHS Waltham Forest CCG	Male	102.4	82.0	126.1	154,484	97
2019	01/01/2019 to 31/12/2019	CCG	E38000194	02E	NHS Warrington CCG	Male	99.7	80.8	121.5	102,265	98
2019	01/01/2019 to 31/12/2019	CCG	E38000195	05H	NHS Warwickshire North CCG	Male	93.9	75.0	116.2	88,999	85
2019	01/01/2019 to 31/12/2019	CCG	E38000197	07H	NHS West Essex CCG	Male	86.9	71.8	104.2	145,480	117
2019	01/01/2019 to 31/12/2019	CCG	E38000198	11A	NHS West Hampshire CCG	Male	62.5	53.5	72.6	250,958	174
2019	01/01/2019 to 31/12/2019	CCG	E38000200	02G	NHS West Lancashire CCG	Male	89.8	66.3	118.8	51,314	49
2019	01/01/2019 to 31/12/2019	CCG	E38000201	04V	NHS West Leicestershire CCG	Male	94.6	81.0	109.8	186,564	173
2019	01/01/2019 to 31/12/2019	CCG	E38000202	08Y	NHS West London CCG	Male	63.8	47.7	83.5	121,775	56
2019	01/01/2019 to 31/12/2019	CCG	E38000204	07K	NHS West Suffolk CCG	Male	85.0	69.6	102.8	113,812	107
2019	01/01/2019 to 31/12/2019	CCG	E38000248	70F	NHS West Sussex CCG	Male	74.3	66.3	83.0	400,484	315
2019	01/01/2019 to 31/12/2019	CCG	E38000205	02H	NHS Wigan Borough CCG	Male	136.7	118.8	156.5	154,324	210
2019	01/01/2019 to 31/12/2019	CCG	E38000208	12F	NHS Wirral CCG	Male	94.6	80.1	111.0	153,033	151
2019	01/01/2019 to 31/12/2019	CCG	E38000210	06A	NHS Wolverhampton CCG	Male	143.2	121.4	167.8	134,201	155